<?xml version = '1.0' encoding = 'UTF-8'?>
<Relation class="oracle.dbtools.crest.model.design.logical.Relation" name="TB_PEDIDO" directorySegmentName="seg_0" id="6DD0D6A7-3BB1-CCC0-914B-B18A9A3BECE5">
<createdBy>silvi</createdBy>
<createdTime>2023-09-05 13:01:22 UTC</createdTime>
<ownerDesignName>SistemaPizzariaCompleto</ownerDesignName>
<engineerTo>
<item key="5E51A535-E4AD-5ABE-7A29-96CA48CCCAF9" value="true"/>
</engineerTo>
<identifying>false</identifying>
<optionalSource>true</optionalSource>
<optionalTarget>false</optionalTarget>
<sourceCardinality>*</sourceCardinality>
<sourceEntity>7EC07495-47BC-77B3-75FF-2EB9EB19F2CE</sourceEntity>
<targetCardinalityString>*</targetCardinalityString>
<targetEntity>A5AF51A7-6DE2-2F21-73D3-5A8EFB4009D1</targetEntity>
<transferable>true</transferable>
<deleteRule>NO ACTION</deleteRule>
</Relation>