<?xml version = '1.0' encoding = 'UTF-8'?>
<Relation class="oracle.dbtools.crest.model.design.logical.Relation" name="TB_PIZZA_COMPOSICAO" directorySegmentName="seg_0" id="804005EB-3578-12C3-1A23-50113EF07A4D">
<createdBy>silvi</createdBy>
<createdTime>2023-09-30 21:45:44 UTC</createdTime>
<ownerDesignName>SistemaPizzariaCompleto</ownerDesignName>
<engineerTo>
<item key="5E51A535-E4AD-5ABE-7A29-96CA48CCCAF9" value="true"/>
</engineerTo>
<identifying>false</identifying>
<optionalSource>true</optionalSource>
<optionalTarget>false</optionalTarget>
<sourceCardinality>*</sourceCardinality>
<sourceEntity>A5AF51A7-6DE2-2F21-73D3-5A8EFB4009D1</sourceEntity>
<targetCardinalityString>*</targetCardinalityString>
<targetEntity>1F1EFBBF-CC5A-D32C-8D39-DCA4A2F7C732</targetEntity>
<transferable>true</transferable>
<deleteRule>NO ACTION</deleteRule>
</Relation>