<?xml version = '1.0' encoding = 'UTF-8'?>
<Relation class="oracle.dbtools.crest.model.design.logical.Relation" name="Relation_1" directorySegmentName="seg_0" id="99B714E5-3FA7-1D9B-735E-CB5B315EB880">
<createdBy>silvi</createdBy>
<createdTime>2023-09-05 12:59:51 UTC</createdTime>
<ownerDesignName>SistemaPizzariaCompleto</ownerDesignName>
<engineerTo>
<item key="5E51A535-E4AD-5ABE-7A29-96CA48CCCAF9" value="true"/>
</engineerTo>
<identifying>false</identifying>
<optionalSource>true</optionalSource>
<optionalTarget>false</optionalTarget>
<sourceCardinality>1</sourceCardinality>
<sourceEntity>E4C60E48-81F1-D8BC-DB0B-47D6E4005BEC</sourceEntity>
<targetCardinalityString>1</targetCardinalityString>
<targetEntity>7EC07495-47BC-77B3-75FF-2EB9EB19F2CE</targetEntity>
<transferable>true</transferable>
<deleteRule>NO ACTION</deleteRule>
</Relation>