<?xml version = '1.0' encoding = 'UTF-8'?>
<Relation class="oracle.dbtools.crest.model.design.logical.Relation" name="Relation_3" directorySegmentName="seg_0" id="A735C134-7AF9-1E19-7C67-09D926B1A621">
<createdBy>silvi</createdBy>
<createdTime>2023-09-05 13:00:32 UTC</createdTime>
<ownerDesignName>SistemaPizzariaCompleto</ownerDesignName>
<engineerTo>
<item key="5E51A535-E4AD-5ABE-7A29-96CA48CCCAF9" value="true"/>
</engineerTo>
<identifying>false</identifying>
<optionalSource>true</optionalSource>
<optionalTarget>false</optionalTarget>
<sourceCardinality>1</sourceCardinality>
<sourceEntity>7EC07495-47BC-77B3-75FF-2EB9EB19F2CE</sourceEntity>
<targetCardinalityString>*</targetCardinalityString>
<targetEntity>F21C42D8-3165-9F09-85D0-3E33905184BF</targetEntity>
<transferable>true</transferable>
<deleteRule>NO ACTION</deleteRule>
</Relation>