<?xml version = '1.0' encoding = 'UTF-8'?>
<FKIndexAssociation class="oracle.dbtools.crest.model.design.relational.FKIndexAssociation" directorySegmentName="seg_0" id="678DCA15-4C7D-CBCF-1386-51FC0B64A5D1" containerWithKeyObject="ED9AA7AF-7EB4-8DB4-F48A-81E9CB9CA30D" localFKIndex="A5067214-75C3-8C38-0B1D-5D36F064EC11" name="TB_PIZZA_COMP_TB_PIZZA_FK">
<createdBy>silvi</createdBy>
<createdTime>2023-09-30 21:35:14 UTC</createdTime>
<ownerDesignName>SistemaPizzariaCompleto</ownerDesignName>
<referredTableLongName>TB_PIZZA</referredTableLongName>
<deleteRule>NO ACTION</deleteRule>
<referredTableID>6ED5ADA8-A489-5CD3-AE8C-73CCECED3B28</referredTableID>
<keyObject>2BD6C2CB-AB8D-CAE5-0214-BAAAF43CF65A</keyObject>
<referredKeyID>2BD6C2CB-AB8D-CAE5-0214-BAAAF43CF65A</referredKeyID>
<mandatory>true</mandatory>
<refColNames>id_pizza</refColNames>
<transferable>true</transferable>
<rely>false</rely>
<columnDependencyConstraintGenerateInDDL>true</columnDependencyConstraintGenerateInDDL>
</FKIndexAssociation>