<?xml version = '1.0' encoding = 'UTF-8'?>
<FKIndexAssociation class="oracle.dbtools.crest.model.design.relational.FKIndexAssociation" directorySegmentName="seg_0" id="70AEC6CC-D614-F182-8A4C-BCA04C5159A3" containerWithKeyObject="05F78549-F63E-DC37-9EE2-F575AEB2A60D" localFKIndex="3B0B0C47-D739-1990-0421-0E15CACA5B98" name="TB_LOGIN_TB_CLIENTE_FK">
<createdBy>silvi</createdBy>
<createdTime>2023-09-05 13:12:56 UTC</createdTime>
<ownerDesignName>SistemaPizzariaCompleto</ownerDesignName>
<referredTableLongName>TB_CLIENTE</referredTableLongName>
<deleteRule>NO ACTION</deleteRule>
<referredTableID>4E8B65D0-BAA5-EA16-46C7-689EBCCDDE2B</referredTableID>
<keyObject>BE007C08-2591-3B5B-8A76-1B24D7E8FFD4</keyObject>
<referredKeyID>BE007C08-2591-3B5B-8A76-1B24D7E8FFD4</referredKeyID>
<mandatory>true</mandatory>
<refColNames>id_cliente</refColNames>
<transferable>true</transferable>
<rely>false</rely>
<columnDependencyConstraintGenerateInDDL>true</columnDependencyConstraintGenerateInDDL>
</FKIndexAssociation>