<?xml version = '1.0' encoding = 'UTF-8'?>
<FKIndexAssociation class="oracle.dbtools.crest.model.design.relational.FKIndexAssociation" directorySegmentName="seg_0" id="9DEF3B45-9807-9B32-221C-A944E859E386" containerWithKeyObject="ED9AA7AF-7EB4-8DB4-F48A-81E9CB9CA30D" localFKIndex="A9FAEDB0-D0EB-D8BF-F52C-0DB3B4ECD6C6" name="TB_PIZZA_COMP_TB_INGR_FK">
<createdBy>silvi</createdBy>
<createdTime>2023-09-30 21:35:24 UTC</createdTime>
<ownerDesignName>SistemaPizzariaCompleto</ownerDesignName>
<referredTableLongName>TB_INGREDIENTE</referredTableLongName>
<deleteRule>NO ACTION</deleteRule>
<referredTableID>6F6431CA-BCF4-1692-6F74-D0996FA5FFD1</referredTableID>
<keyObject>E171FEC0-D876-587D-1E2B-0CD76DC06263</keyObject>
<referredKeyID>E171FEC0-D876-587D-1E2B-0CD76DC06263</referredKeyID>
<mandatory>true</mandatory>
<refColNames>id_ingrediente</refColNames>
<transferable>true</transferable>
<rely>false</rely>
<columnDependencyConstraintGenerateInDDL>true</columnDependencyConstraintGenerateInDDL>
</FKIndexAssociation>