<?xml version = '1.0' encoding = 'UTF-8'?>
<FKIndexAssociation class="oracle.dbtools.crest.model.design.relational.FKIndexAssociation" directorySegmentName="seg_0" id="9E87BA45-6938-8268-F066-100DF13405E1" containerWithKeyObject="1EFEE3BD-C716-A00E-4124-B1D5DEFBA744" localFKIndex="65F3AFD4-9545-9AB7-8F29-FE0D79ECFF2F" name="TB_PEDIDO_PIZZA_TB_PIZZA_FK">
<createdBy>silvi</createdBy>
<createdTime>2023-09-30 21:42:09 UTC</createdTime>
<ownerDesignName>SistemaPizzariaCompleto</ownerDesignName>
<referredTableLongName>TB_PIZZA</referredTableLongName>
<deleteRule>NO ACTION</deleteRule>
<referredTableID>6ED5ADA8-A489-5CD3-AE8C-73CCECED3B28</referredTableID>
<keyObject>2BD6C2CB-AB8D-CAE5-0214-BAAAF43CF65A</keyObject>
<referredKeyID>2BD6C2CB-AB8D-CAE5-0214-BAAAF43CF65A</referredKeyID>
<mandatory>true</mandatory>
<refColNames>id_pizza</refColNames>
<transferable>true</transferable>
<rely>false</rely>
<columnDependencyConstraintGenerateInDDL>true</columnDependencyConstraintGenerateInDDL>
</FKIndexAssociation>