<?xml version = '1.0' encoding = 'UTF-8'?>
<FKIndexAssociation class="oracle.dbtools.crest.model.design.relational.FKIndexAssociation" directorySegmentName="seg_0" id="9EFCC3EF-65FE-61C8-7AED-DA472042E541" containerWithKeyObject="85D5A03F-12A4-CEFF-8E8E-97613C8E9151" localFKIndex="85514D31-5072-7575-2430-AD17C30B4A80" name="TB_CONTATO_ID_CLIENTE_FK">
<createdBy>silvi</createdBy>
<createdTime>2023-09-05 13:07:08 UTC</createdTime>
<generatorID>A735C134-7AF9-1E19-7C67-09D926B1A621</generatorID>
<ownerDesignName>SistemaPizzariaCompleto</ownerDesignName>
<referredTableLongName>TB_CLIENTE</referredTableLongName>
<deleteRule>NO ACTION</deleteRule>
<referredTableID>4E8B65D0-BAA5-EA16-46C7-689EBCCDDE2B</referredTableID>
<keyObject>BE007C08-2591-3B5B-8A76-1B24D7E8FFD4</keyObject>
<referredKeyID>BE007C08-2591-3B5B-8A76-1B24D7E8FFD4</referredKeyID>
<mandatory>true</mandatory>
<refColNames>id_cliente</refColNames>
<transferable>true</transferable>
<rely>false</rely>
<columnDependencyConstraintGenerateInDDL>true</columnDependencyConstraintGenerateInDDL>
</FKIndexAssociation>