<?xml version = '1.0' encoding = 'UTF-8'?>
<FKIndexAssociation class="oracle.dbtools.crest.model.design.relational.FKIndexAssociation" directorySegmentName="seg_0" id="EB783171-8F97-F0DB-12F8-216C79D3A372" containerWithKeyObject="1EFEE3BD-C716-A00E-4124-B1D5DEFBA744" localFKIndex="620DE60E-A13D-6FDA-2FD7-4D2B507BA6CF" name="TB_PEDIDO_PIZZA_TB_PEDIDO_FK">
<createdBy>silvi</createdBy>
<createdTime>2023-09-30 21:42:05 UTC</createdTime>
<ownerDesignName>SistemaPizzariaCompleto</ownerDesignName>
<referredTableLongName>TB_PEDIDO</referredTableLongName>
<deleteRule>NO ACTION</deleteRule>
<referredTableID>F4623545-B0F3-1260-B7E9-3A6280250EFB</referredTableID>
<keyObject>EBF5C51A-1AC2-ED3B-7F26-CC17DF6CAEA4</keyObject>
<referredKeyID>EBF5C51A-1AC2-ED3B-7F26-CC17DF6CAEA4</referredKeyID>
<mandatory>true</mandatory>
<refColNames>id_pedido</refColNames>
<transferable>true</transferable>
<rely>false</rely>
<columnDependencyConstraintGenerateInDDL>true</columnDependencyConstraintGenerateInDDL>
</FKIndexAssociation>