<?xml version = '1.0' encoding = 'UTF-8'?>
<FKIndexAssociation class="oracle.dbtools.crest.model.design.relational.FKIndexAssociation" directorySegmentName="seg_0" id="EB9CA756-8A2D-31E2-86F3-4D57B1BAE669" containerWithKeyObject="F4623545-B0F3-1260-B7E9-3A6280250EFB" localFKIndex="2714EB3E-4669-DC15-4C93-201086841DF2" name="TB_PEDIDO_ID_CLIENTE_FK">
<createdBy>silvi</createdBy>
<createdTime>2023-09-05 13:20:39 UTC</createdTime>
<ownerDesignName>SistemaPizzariaCompleto</ownerDesignName>
<referredTableLongName>TB_CLIENTE</referredTableLongName>
<deleteRule>NO ACTION</deleteRule>
<referredTableID>4E8B65D0-BAA5-EA16-46C7-689EBCCDDE2B</referredTableID>
<keyObject>BE007C08-2591-3B5B-8A76-1B24D7E8FFD4</keyObject>
<referredKeyID>BE007C08-2591-3B5B-8A76-1B24D7E8FFD4</referredKeyID>
<mandatory>true</mandatory>
<refColNames>id_cliente</refColNames>
<transferable>true</transferable>
<rely>false</rely>
<columnDependencyConstraintGenerateInDDL>true</columnDependencyConstraintGenerateInDDL>
</FKIndexAssociation>