<?xml version = '1.0' encoding = 'UTF-8'?>
<Diagram class="oracle.dbtools.crest.swingui.relational.DPVRelational" name="Relational_1" id="02318024-945E-FDB9-6E79-E72A72AC6922">
<createdBy>silvi</createdBy>
<modifiedBy>silvi</modifiedBy>
<createdTime>2023-09-04 13:57:35 UTC</createdTime>
<autoRoute>false</autoRoute>
<boxInbox>true</boxInbox>
<showLegend>false</showLegend>
<showLabels>false</showLabels>
<showRelAttributes>false</showRelAttributes>
<gridEnabled>false</gridEnabled>
<showGrid>false</showGrid>
<diagramColor>-1</diagramColor>
<display>false</display>
<notation>1</notation>
<objectViews>
<OView class="oracle.dbtools.crest.swingui.relational.TVTable" oid="05F78549-F63E-DC37-9EE2-F575AEB2A60D" otype="Table" vid="82E50DCB-0AB5-96A6-12F5-488B0F6A979D">
<hideElementsInCurrentOnly>false</hideElementsInCurrentOnly>
<bounds x="29" y="24" width="241" height="126"/>
</OView>
<OView class="oracle.dbtools.crest.swingui.relational.TVTable" oid="1EFEE3BD-C716-A00E-4124-B1D5DEFBA744" otype="Table" vid="DD37203F-34D7-CC40-7766-9C96A954B46B">
<hideElementsInCurrentOnly>false</hideElementsInCurrentOnly>
<bounds x="329" y="378" width="259" height="115"/>
</OView>
<OView class="oracle.dbtools.crest.swingui.relational.TVTable" oid="4E8B65D0-BAA5-EA16-46C7-689EBCCDDE2B" otype="Table" vid="FF869F31-C74F-FC6C-002A-854E8D21E42A">
<hideElementsInCurrentOnly>false</hideElementsInCurrentOnly>
<bounds x="29" y="205" width="240" height="119"/>
</OView>
<OView class="oracle.dbtools.crest.swingui.relational.TVTable" oid="6ED5ADA8-A489-5CD3-AE8C-73CCECED3B28" otype="Table" vid="0046F579-B529-678E-DB6A-970A2FE5D5B0">
<hideElementsInCurrentOnly>false</hideElementsInCurrentOnly>
<bounds x="665" y="385" width="232" height="108"/>
</OView>
<OView class="oracle.dbtools.crest.swingui.relational.TVTable" oid="6F6431CA-BCF4-1692-6F74-D0996FA5FFD1" otype="Table" vid="8BF2C73B-82AA-7258-A056-F5B5DD0B4E3A">
<hideElementsInCurrentOnly>false</hideElementsInCurrentOnly>
<bounds x="636" y="61" width="262" height="105"/>
</OView>
<OView class="oracle.dbtools.crest.swingui.relational.TVTable" oid="85D5A03F-12A4-CEFF-8E8E-97613C8E9151" otype="Table" vid="F89CB30A-CAF6-E0EE-5742-5552460D713C">
<hideElementsInCurrentOnly>false</hideElementsInCurrentOnly>
<bounds x="34" y="368" width="241" height="100"/>
</OView>
<OView class="oracle.dbtools.crest.swingui.relational.TVTable" oid="ED9AA7AF-7EB4-8DB4-F48A-81E9CB9CA30D" otype="Table" vid="8130C1B3-E5B4-C6AA-4444-26404D1598BB">
<hideElementsInCurrentOnly>false</hideElementsInCurrentOnly>
<bounds x="642" y="207" width="262" height="126"/>
</OView>
<OView class="oracle.dbtools.crest.swingui.relational.TVTable" oid="F4623545-B0F3-1260-B7E9-3A6280250EFB" otype="Table" vid="3FFE4C43-F3E4-EC5E-4B4E-C4A3EA6DFA74">
<hideElementsInCurrentOnly>false</hideElementsInCurrentOnly>
<bounds x="329" y="209" width="242" height="131"/>
</OView>
</objectViews>
<connectors>
<Connector class="oracle.dbtools.crest.swingui.relational.TVFKRelation" oid="678DCA15-4C7D-CBCF-1386-51FC0B64A5D1" otype="FKIndexAssociation" vid_source="0046F579-B529-678E-DB6A-970A2FE5D5B0" vid_target="8130C1B3-E5B4-C6AA-4444-26404D1598BB">
<hideElementsInCurrentOnly>false</hideElementsInCurrentOnly>
<backgroundColor>-16777216</backgroundColor>
<lineWidth>1</lineWidth>
<points>
<point x="781" y="385"/>
<point x="781" y="333"/>
</points>
</Connector>
<Connector class="oracle.dbtools.crest.swingui.relational.TVFKRelation" oid="70AEC6CC-D614-F182-8A4C-BCA04C5159A3" otype="FKIndexAssociation" vid_source="FF869F31-C74F-FC6C-002A-854E8D21E42A" vid_target="82E50DCB-0AB5-96A6-12F5-488B0F6A979D">
<hideElementsInCurrentOnly>false</hideElementsInCurrentOnly>
<backgroundColor>-16777216</backgroundColor>
<lineWidth>1</lineWidth>
<points>
<point x="149" y="205"/>
<point x="149" y="150"/>
</points>
</Connector>
<Connector class="oracle.dbtools.crest.swingui.relational.TVFKRelation" oid="9DEF3B45-9807-9B32-221C-A944E859E386" otype="FKIndexAssociation" vid_source="8BF2C73B-82AA-7258-A056-F5B5DD0B4E3A" vid_target="8130C1B3-E5B4-C6AA-4444-26404D1598BB">
<hideElementsInCurrentOnly>false</hideElementsInCurrentOnly>
<backgroundColor>-16777216</backgroundColor>
<lineWidth>1</lineWidth>
<points>
<point x="770" y="166"/>
<point x="770" y="207"/>
</points>
</Connector>
<Connector class="oracle.dbtools.crest.swingui.relational.TVFKRelation" oid="9E87BA45-6938-8268-F066-100DF13405E1" otype="FKIndexAssociation" vid_source="0046F579-B529-678E-DB6A-970A2FE5D5B0" vid_target="DD37203F-34D7-CC40-7766-9C96A954B46B">
<hideElementsInCurrentOnly>false</hideElementsInCurrentOnly>
<backgroundColor>-16777216</backgroundColor>
<lineWidth>1</lineWidth>
<points>
<point x="665" y="439"/>
<point x="588" y="439"/>
</points>
</Connector>
<Connector class="oracle.dbtools.crest.swingui.relational.TVFKRelation" oid="9EFCC3EF-65FE-61C8-7AED-DA472042E541" otype="FKIndexAssociation" vid_source="FF869F31-C74F-FC6C-002A-854E8D21E42A" vid_target="F89CB30A-CAF6-E0EE-5742-5552460D713C">
<hideElementsInCurrentOnly>false</hideElementsInCurrentOnly>
<backgroundColor>-16777216</backgroundColor>
<lineWidth>1</lineWidth>
<points>
<point x="151" y="324"/>
<point x="151" y="368"/>
</points>
</Connector>
<Connector class="oracle.dbtools.crest.swingui.relational.TVFKRelation" oid="EB783171-8F97-F0DB-12F8-216C79D3A372" otype="FKIndexAssociation" vid_source="3FFE4C43-F3E4-EC5E-4B4E-C4A3EA6DFA74" vid_target="DD37203F-34D7-CC40-7766-9C96A954B46B">
<hideElementsInCurrentOnly>false</hideElementsInCurrentOnly>
<backgroundColor>-16777216</backgroundColor>
<lineWidth>1</lineWidth>
<points>
<point x="450" y="340"/>
<point x="450" y="378"/>
</points>
</Connector>
<Connector class="oracle.dbtools.crest.swingui.relational.TVFKRelation" oid="EB9CA756-8A2D-31E2-86F3-4D57B1BAE669" otype="FKIndexAssociation" vid_source="FF869F31-C74F-FC6C-002A-854E8D21E42A" vid_target="3FFE4C43-F3E4-EC5E-4B4E-C4A3EA6DFA74">
<hideElementsInCurrentOnly>false</hideElementsInCurrentOnly>
<backgroundColor>-16777216</backgroundColor>
<lineWidth>1</lineWidth>
<points>
<point x="269" y="266"/>
<point x="329" y="266"/>
</points>
</Connector>
</connectors>
</Diagram>