<?xml version = '1.0' encoding = 'UTF-8'?>
<Diagram class="oracle.dbtools.crest.swingui.logical.DPVLogical" name="Logical" id="6A50033B-55E0-2D9E-AADD-60EEA3095C5A">
<createdBy>silvi</createdBy>
<modifiedBy>silvi</modifiedBy>
<createdTime>2023-09-04 13:57:35 UTC</createdTime>
<autoRoute>false</autoRoute>
<boxInbox>true</boxInbox>
<showLegend>false</showLegend>
<showLabels>false</showLabels>
<showRelAttributes>false</showRelAttributes>
<gridEnabled>false</gridEnabled>
<showGrid>false</showGrid>
<diagramColor>-1</diagramColor>
<display>false</display>
<notation>1</notation>
<objectViews>
<OView class="oracle.dbtools.crest.swingui.logical.TVEntity" oid="1F1EFBBF-CC5A-D32C-8D39-DCA4A2F7C732" otype="Entity" vid="9BED04C6-0012-C055-533F-39B2413C53B6">
<hideElementsInCurrentOnly>false</hideElementsInCurrentOnly>
<bounds x="642" y="332" width="178" height="87"/>
</OView>
<OView class="oracle.dbtools.crest.swingui.logical.TVEntity" oid="7EC07495-47BC-77B3-75FF-2EB9EB19F2CE" otype="Entity" vid="5A0C4B37-4968-A3C7-946F-1E0AD6C314A6">
<hideElementsInCurrentOnly>false</hideElementsInCurrentOnly>
<bounds x="378" y="154" width="171" height="111"/>
</OView>
<OView class="oracle.dbtools.crest.swingui.logical.TVEntity" oid="A5AF51A7-6DE2-2F21-73D3-5A8EFB4009D1" otype="Entity" vid="088FCDC9-E25A-892D-341E-6ACD8044F343">
<hideElementsInCurrentOnly>false</hideElementsInCurrentOnly>
<bounds x="641" y="153" width="170" height="110"/>
</OView>
<OView class="oracle.dbtools.crest.swingui.logical.TVEntity" oid="E4C60E48-81F1-D8BC-DB0B-47D6E4005BEC" otype="Entity" vid="8274F0CC-0567-534D-C63C-D7EC9C2B03A0">
<hideElementsInCurrentOnly>false</hideElementsInCurrentOnly>
<bounds x="114" y="75" width="170" height="110"/>
</OView>
<OView class="oracle.dbtools.crest.swingui.logical.TVEntity" oid="F21C42D8-3165-9F09-85D0-3E33905184BF" otype="Entity" vid="F127A684-D256-60DC-E4D8-900DBE8B3B0E">
<hideElementsInCurrentOnly>false</hideElementsInCurrentOnly>
<bounds x="118" y="214" width="170" height="110"/>
</OView>
</objectViews>
<connectors>
<Connector class="oracle.dbtools.crest.swingui.logical.TVRelation" oid="6DD0D6A7-3BB1-CCC0-914B-B18A9A3BECE5" otype="Relation" vid_source="5A0C4B37-4968-A3C7-946F-1E0AD6C314A6" vid_target="088FCDC9-E25A-892D-341E-6ACD8044F343">
<hideElementsInCurrentOnly>false</hideElementsInCurrentOnly>
<backgroundColor>-16777216</backgroundColor>
<lineWidth>1</lineWidth>
<points>
<point x="549" y="223"/>
<point x="641" y="223"/>
</points>
</Connector>
<Connector class="oracle.dbtools.crest.swingui.logical.TVRelation" oid="804005EB-3578-12C3-1A23-50113EF07A4D" otype="Relation" vid_source="088FCDC9-E25A-892D-341E-6ACD8044F343" vid_target="9BED04C6-0012-C055-533F-39B2413C53B6">
<hideElementsInCurrentOnly>false</hideElementsInCurrentOnly>
<backgroundColor>-16777216</backgroundColor>
<lineWidth>1</lineWidth>
<points>
<point x="726" y="263"/>
<point x="726" y="332"/>
</points>
</Connector>
<Connector class="oracle.dbtools.crest.swingui.logical.TVRelation" oid="99B714E5-3FA7-1D9B-735E-CB5B315EB880" otype="Relation" vid_source="8274F0CC-0567-534D-C63C-D7EC9C2B03A0" vid_target="5A0C4B37-4968-A3C7-946F-1E0AD6C314A6">
<hideElementsInCurrentOnly>false</hideElementsInCurrentOnly>
<backgroundColor>-16777216</backgroundColor>
<lineWidth>1</lineWidth>
<points>
<point x="284" y="169"/>
<point x="378" y="169"/>
</points>
</Connector>
<Connector class="oracle.dbtools.crest.swingui.logical.TVRelation" oid="A735C134-7AF9-1E19-7C67-09D926B1A621" otype="Relation" vid_source="5A0C4B37-4968-A3C7-946F-1E0AD6C314A6" vid_target="F127A684-D256-60DC-E4D8-900DBE8B3B0E">
<hideElementsInCurrentOnly>false</hideElementsInCurrentOnly>
<backgroundColor>-16777216</backgroundColor>
<lineWidth>1</lineWidth>
<points>
<point x="378" y="254"/>
<point x="288" y="254"/>
</points>
</Connector>
</connectors>
</Diagram>