<?xml version = '1.0' encoding = 'UTF-8'?>
<RMExtendedMap class="oracle.dbtools.crest.model.xtdmapping.RMExtendedMap">
<mappings itemClass="oracle.dbtools.crest.model.xtdmapping.ContainerMapping">
<CM id="7EC07495-2EB9EB19F2CE4E8B65D0-689EBCCDDE2B" lID="7EC07495-47BC-77B3-75FF-2EB9EB19F2CE" lT="0" rID="4E8B65D0-BAA5-EA16-46C7-689EBCCDDE2B" rT="4">
<containedMappings itemClass="oracle.dbtools.crest.model.xtdmapping.RelMapping">
<Mg id="3201617D-3E5229465E02B8E2548F-13213679EA7E" lID="3201617D-8E30-E761-6A7A-3E5229465E02" rID="B8E2548F-FDC2-AA93-D979-13213679EA7E">
</Mg>
<Mg id="5FA71A65-65A3B86C6E1660C23C26-B085A0BDA13F" lID="5FA71A65-16A0-F486-2B94-65A3B86C6E16" rID="60C23C26-B8B8-789B-0D04-B085A0BDA13F">
</Mg>
<Mg id="B6B33F75-650A715600586D112574-A0735DA21748" lID="B6B33F75-BC7E-B89A-58E1-650A71560058" rID="6D112574-E481-EEC5-1957-A0735DA21748">
</Mg>
</containedMappings>
</CM>
<CM id="A5AF51A7-5A8EFB4009D16ED5ADA8-73CCECED3B28" lID="A5AF51A7-6DE2-2F21-73D3-5A8EFB4009D1" lT="0" rID="6ED5ADA8-A489-5CD3-AE8C-73CCECED3B28" rT="4">
<containedMappings itemClass="oracle.dbtools.crest.model.xtdmapping.RelMapping">
<Mg id="DE535DAA-18FFF19F152F7C3ADDC8-A4A39959F32B" lID="DE535DAA-A135-C2BA-53A6-18FFF19F152F" rID="7C3ADDC8-7218-D182-38BD-A4A39959F32B">
</Mg>
<Mg id="F720A4ED-BFE5F83550E1A3CD86E2-46D31233BB01" lID="F720A4ED-5DBF-4D36-C23B-BFE5F83550E1" rID="A3CD86E2-06D2-541C-0423-46D31233BB01">
</Mg>
</containedMappings>
</CM>
<CM id="E4C60E48-47D6E4005BEC05F78549-F575AEB2A60D" lID="E4C60E48-81F1-D8BC-DB0B-47D6E4005BEC" lT="0" rID="05F78549-F63E-DC37-9EE2-F575AEB2A60D" rT="4">
<containedMappings itemClass="oracle.dbtools.crest.model.xtdmapping.RelMapping">
<Mg id="3D2D641C-950A3640902651FDFA69-4F781D9D144A" lID="3D2D641C-0E8B-A5BF-2F11-950A36409026" rID="51FDFA69-28E8-039C-DEE7-4F781D9D144A">
</Mg>
<Mg id="934396E3-B6B3AEF6E2386EE90102-5B926E2C89EA" lID="934396E3-9BA9-74C0-57F0-B6B3AEF6E238" rID="6EE90102-6DF2-CCDD-E1CC-5B926E2C89EA">
</Mg>
</containedMappings>
</CM>
<CM id="F21C42D8-3E33905184BF85D5A03F-97613C8E9151" lID="F21C42D8-3165-9F09-85D0-3E33905184BF" lT="0" rID="85D5A03F-12A4-CEFF-8E8E-97613C8E9151" rT="4">
<containedMappings itemClass="oracle.dbtools.crest.model.xtdmapping.RelMapping">
<Mg id="7F670555-702747756905442A061A-4740C741113F" lID="7F670555-36AC-6CBA-EC04-702747756905" rID="442A061A-47CE-070A-1B16-4740C741113F">
</Mg>
<Mg id="99FDE541-38EB4E23027A9A68AC7A-EFE6B39E60E0" lID="99FDE541-B0CC-AC95-037E-38EB4E23027A" rID="9A68AC7A-34DE-13B3-49F5-EFE6B39E60E0">
</Mg>
</containedMappings>
</CM>
<CM id="A735C134-09D926B1A6219EFCC3EF-DA472042E541" lID="A735C134-7AF9-1E19-7C67-09D926B1A621" lT="3" rID="9EFCC3EF-65FE-61C8-7AED-DA472042E541" rT="8" rSEnt="7EC07495-47BC-77B3-75FF-2EB9EB19F2CE" rTEnt="F21C42D8-3165-9F09-85D0-3E33905184BF">
</CM>
</mappings>
</RMExtendedMap>