<?xml version = '1.0' encoding = 'UTF-8'?>
<Entity class="oracle.dbtools.crest.model.design.logical.Entity" directorySegmentName="seg_0" id="1F1EFBBF-CC5A-D32C-8D39-DCA4A2F7C732" name="TB_INGREDIENTE">
<createdBy>silvi</createdBy>
<createdTime>2023-09-30 21:45:33 UTC</createdTime>
<ownerDesignName>SistemaPizzariaCompleto</ownerDesignName>
<engineerTo>
<item key="5E51A535-E4AD-5ABE-7A29-96CA48CCCAF9" value="true"/>
</engineerTo>
<adequatelyNormalized>NO</adequatelyNormalized>
<expectedVolumes>0</expectedVolumes>
<fwdEngineeringStrategyName>Single Table</fwdEngineeringStrategyName>
<growthPercent>0</growthPercent>
<growthType>Year</growthType>
<maxVolumes>9999999</maxVolumes>
<minVolumes>0</minVolumes>
<normalForm>Third</normalForm>
</Entity>