<?xml version = '1.0' encoding = 'UTF-8'?>
<Entity class="oracle.dbtools.crest.model.design.logical.Entity" directorySegmentName="seg_0" id="7EC07495-47BC-77B3-75FF-2EB9EB19F2CE" name="TB_CLIENTE">
<createdBy>silvi</createdBy>
<createdTime>2023-09-05 12:46:20 UTC</createdTime>
<ownerDesignName>SistemaPizzariaCompleto</ownerDesignName>
<engineerTo>
<item key="5E51A535-E4AD-5ABE-7A29-96CA48CCCAF9" value="true"/>
</engineerTo>
<adequatelyNormalized>NO</adequatelyNormalized>
<expectedVolumes>0</expectedVolumes>
<fwdEngineeringStrategyName>Single Table</fwdEngineeringStrategyName>
<growthPercent>0</growthPercent>
<growthType>Year</growthType>
<maxVolumes>9999999</maxVolumes>
<minVolumes>0</minVolumes>
<normalForm>Third</normalForm>
<attributes itemClass="oracle.dbtools.crest.model.design.logical.Attribute">
<Attribute name="nome_cliente" id="B6B33F75-BC7E-B89A-58E1-650A71560058">
<createdBy>silvi</createdBy>
<createdTime>2023-09-05 12:53:51 UTC</createdTime>
<ownerDesignName>SistemaPizzariaCompleto</ownerDesignName>
<engineerTo>
<item key="5E51A535-E4AD-5ABE-7A29-96CA48CCCAF9" value="true"/>
</engineerTo>
<nullsAllowed>true</nullsAllowed>
<useDomainConstraints>false</useDomainConstraints>
<use>1</use>
<logicalDatatype>LOGDT024</logicalDatatype>
<dataTypeSize>100</dataTypeSize>
<ownDataTypeParameters>100,,</ownDataTypeParameters>
</Attribute>
<Attribute name="cpf_cliente" id="3201617D-8E30-E761-6A7A-3E5229465E02">
<createdBy>silvi</createdBy>
<createdTime>2023-09-05 12:54:35 UTC</createdTime>
<ownerDesignName>SistemaPizzariaCompleto</ownerDesignName>
<engineerTo>
<item key="5E51A535-E4AD-5ABE-7A29-96CA48CCCAF9" value="true"/>
</engineerTo>
<nullsAllowed>true</nullsAllowed>
<useDomainConstraints>false</useDomainConstraints>
<use>1</use>
<logicalDatatype>LOGDT011</logicalDatatype>
<ownDataTypeParameters>,,</ownDataTypeParameters>
</Attribute>
<Attribute name="endereco_cliente" id="5FA71A65-16A0-F486-2B94-65A3B86C6E16">
<createdBy>silvi</createdBy>
<createdTime>2023-09-05 12:54:54 UTC</createdTime>
<ownerDesignName>SistemaPizzariaCompleto</ownerDesignName>
<engineerTo>
<item key="5E51A535-E4AD-5ABE-7A29-96CA48CCCAF9" value="true"/>
</engineerTo>
<nullsAllowed>true</nullsAllowed>
<useDomainConstraints>false</useDomainConstraints>
<use>1</use>
<logicalDatatype>LOGDT024</logicalDatatype>
<dataTypeSize>200</dataTypeSize>
<ownDataTypeParameters>200,,</ownDataTypeParameters>
</Attribute>
</attributes>
</Entity>