<?xml version = '1.0' encoding = 'UTF-8'?>
<Entity class="oracle.dbtools.crest.model.design.logical.Entity" directorySegmentName="seg_0" id="F21C42D8-3165-9F09-85D0-3E33905184BF" name="TB_CONTATO">
<createdBy>silvi</createdBy>
<createdTime>2023-09-05 12:56:25 UTC</createdTime>
<ownerDesignName>SistemaPizzariaCompleto</ownerDesignName>
<engineerTo>
<item key="5E51A535-E4AD-5ABE-7A29-96CA48CCCAF9" value="true"/>
</engineerTo>
<adequatelyNormalized>NO</adequatelyNormalized>
<expectedVolumes>0</expectedVolumes>
<fwdEngineeringStrategyName>Single Table</fwdEngineeringStrategyName>
<growthPercent>0</growthPercent>
<growthType>Year</growthType>
<maxVolumes>9999999</maxVolumes>
<minVolumes>0</minVolumes>
<normalForm>Third</normalForm>
<attributes itemClass="oracle.dbtools.crest.model.design.logical.Attribute">
<Attribute name="email" id="99FDE541-B0CC-AC95-037E-38EB4E23027A">
<createdBy>silvi</createdBy>
<createdTime>2023-09-05 12:56:34 UTC</createdTime>
<ownerDesignName>SistemaPizzariaCompleto</ownerDesignName>
<engineerTo>
<item key="5E51A535-E4AD-5ABE-7A29-96CA48CCCAF9" value="true"/>
</engineerTo>
<nullsAllowed>true</nullsAllowed>
<useDomainConstraints>false</useDomainConstraints>
<use>1</use>
<logicalDatatype>LOGDT024</logicalDatatype>
<dataTypeSize>100</dataTypeSize>
<ownDataTypeParameters>100,,</ownDataTypeParameters>
</Attribute>
<Attribute name="telefone" id="7F670555-36AC-6CBA-EC04-702747756905">
<createdBy>silvi</createdBy>
<createdTime>2023-09-05 12:56:49 UTC</createdTime>
<ownerDesignName>SistemaPizzariaCompleto</ownerDesignName>
<engineerTo>
<item key="5E51A535-E4AD-5ABE-7A29-96CA48CCCAF9" value="true"/>
</engineerTo>
<nullsAllowed>true</nullsAllowed>
<useDomainConstraints>false</useDomainConstraints>
<use>1</use>
<logicalDatatype>LOGDT011</logicalDatatype>
<ownDataTypeParameters>,,</ownDataTypeParameters>
</Attribute>
</attributes>
</Entity>