<?xml version = '1.0' encoding = 'UTF-8'?>
<Table class="oracle.dbtools.crest.model.design.relational.Table" directorySegmentName="seg_0" id="05F78549-F63E-DC37-9EE2-F575AEB2A60D" name="TB_LOGIN">
<createdBy>silvi</createdBy>
<createdTime>2023-09-05 13:07:08 UTC</createdTime>
<generatorID>E4C60E48-81F1-D8BC-DB0B-47D6E4005BEC</generatorID>
<ownerDesignName>SistemaPizzariaCompleto</ownerDesignName>
<allowColumnReorder>false</allowColumnReorder>
<existDependencyGenerateInDDl>true</existDependencyGenerateInDDl>
<parsed>true</parsed>
<columns itemClass="oracle.dbtools.crest.model.design.relational.Column">
<Column name="id_cliente" id="2E0A1B71-EFEE-AF47-3A38-F9776974FBB5">
<createdBy>silvi</createdBy>
<createdTime>2023-09-05 13:12:56 UTC</createdTime>
<ownerDesignName>SistemaPizzariaCompleto</ownerDesignName>
<useDomainConstraints>false</useDomainConstraints>
<use>1</use>
<logicalDatatype>LOGDT011</logicalDatatype>
<ownDataTypeParameters>,,</ownDataTypeParameters>
<previousColumn>false</previousColumn>
<autoIncrementCycle>false</autoIncrementCycle>
<associations>
<colAssociation fkAssociation="70AEC6CC-D614-F182-8A4C-BCA04C5159A3" referredColumn="68F22820-FF01-F5EF-6825-288B7C680F6E"/>
</associations>
</Column>
<Column name="login" id="51FDFA69-28E8-039C-DEE7-4F781D9D144A">
<createdBy>silvi</createdBy>
<createdTime>2023-09-05 13:07:08 UTC</createdTime>
<generatorID>3D2D641C-0E8B-A5BF-2F11-950A36409026</generatorID>
<ownerDesignName>SistemaPizzariaCompleto</ownerDesignName>
<nullsAllowed>true</nullsAllowed>
<useDomainConstraints>false</useDomainConstraints>
<use>1</use>
<logicalDatatype>LOGDT024</logicalDatatype>
<dataTypeSize>50</dataTypeSize>
<ownDataTypeParameters>50,,</ownDataTypeParameters>
<autoIncrementCycle>false</autoIncrementCycle>
</Column>
<Column name="senha" id="6EE90102-6DF2-CCDD-E1CC-5B926E2C89EA">
<createdBy>silvi</createdBy>
<createdTime>2023-09-05 13:07:08 UTC</createdTime>
<generatorID>934396E3-9BA9-74C0-57F0-B6B3AEF6E238</generatorID>
<ownerDesignName>SistemaPizzariaCompleto</ownerDesignName>
<nullsAllowed>true</nullsAllowed>
<useDomainConstraints>false</useDomainConstraints>
<use>1</use>
<logicalDatatype>LOGDT024</logicalDatatype>
<dataTypeSize>16</dataTypeSize>
<ownDataTypeParameters>16,,</ownDataTypeParameters>
<autoIncrementCycle>false</autoIncrementCycle>
</Column>
</columns>
<indexes itemClass="oracle.dbtools.crest.model.design.relational.Index">
<ind_PK_UK id="836516F8-DA5D-AE7A-5EA6-201CEC5FABB1" name="ID_LOGIN_PK">
<createdBy>silvi</createdBy>
<createdTime>2023-09-05 13:07:08 UTC</createdTime>
<ownerDesignName>SistemaPizzariaCompleto</ownerDesignName>
<pk>true</pk>
<indexState>Primary Constraint</indexState>
<indexColumnUsage>
<colUsage columnID="2E0A1B71-EFEE-AF47-3A38-F9776974FBB5"/>
</indexColumnUsage>
</ind_PK_UK>
<ind_PK_UK id="3B0B0C47-D739-1990-0421-0E15CACA5B98" name="TB_LOGIN_TB_CLIENTE_FK">
<createdBy>silvi</createdBy>
<createdTime>2023-09-05 13:12:56 UTC</createdTime>
<ownerDesignName>SistemaPizzariaCompleto</ownerDesignName>
<indexState>Foreign Key</indexState>
<isSurrogateKey>false</isSurrogateKey>
<indexColumnUsage>
<colUsage columnID="2E0A1B71-EFEE-AF47-3A38-F9776974FBB5"/>
</indexColumnUsage>
</ind_PK_UK>
</indexes>
</Table>