<?xml version = '1.0' encoding = 'UTF-8'?>
<Table class="oracle.dbtools.crest.model.design.relational.Table" directorySegmentName="seg_0" id="1EFEE3BD-C716-A00E-4124-B1D5DEFBA744" name="TB_PEDIDO_PIZZA">
<createdBy>silvi</createdBy>
<createdTime>2023-09-30 21:41:45 UTC</createdTime>
<ownerDesignName>SistemaPizzariaCompleto</ownerDesignName>
<ordsAlias>table_8</ordsAlias>
<allowColumnReorder>false</allowColumnReorder>
<existDependencyGenerateInDDl>true</existDependencyGenerateInDDl>
<parsed>true</parsed>
<columns itemClass="oracle.dbtools.crest.model.design.relational.Column">
<Column name="id_pedido" id="79BE8187-3CB9-34F6-0182-67BAA8A294B4">
<createdBy>silvi</createdBy>
<createdTime>2023-09-30 21:42:05 UTC</createdTime>
<ownerDesignName>SistemaPizzariaCompleto</ownerDesignName>
<useDomainConstraints>false</useDomainConstraints>
<use>1</use>
<logicalDatatype>LOGDT011</logicalDatatype>
<ownDataTypeParameters>,,</ownDataTypeParameters>
<previousColumn>false</previousColumn>
<autoIncrementCycle>false</autoIncrementCycle>
<associations>
<colAssociation fkAssociation="EB783171-8F97-F0DB-12F8-216C79D3A372" referredColumn="DDB1EA38-1D0D-E0E4-9F6B-D28FF6B064EE"/>
</associations>
</Column>
<Column name="id_pizza" id="9612B7A6-991D-EDDF-BCE6-23D727130247">
<createdBy>silvi</createdBy>
<createdTime>2023-09-30 21:42:09 UTC</createdTime>
<ownerDesignName>SistemaPizzariaCompleto</ownerDesignName>
<useDomainConstraints>false</useDomainConstraints>
<use>1</use>
<logicalDatatype>LOGDT011</logicalDatatype>
<ownDataTypeParameters>,,</ownDataTypeParameters>
<previousColumn>false</previousColumn>
<autoIncrementCycle>false</autoIncrementCycle>
<associations>
<colAssociation fkAssociation="9E87BA45-6938-8268-F066-100DF13405E1" referredColumn="3F4E1311-687A-A240-97D8-8DE25A986D15"/>
</associations>
</Column>
<Column name="quantidade" id="C1627F6E-7D3E-8B3C-B015-37862FF44C26">
<createdBy>silvi</createdBy>
<createdTime>2023-09-30 21:42:02 UTC</createdTime>
<ownerDesignName>SistemaPizzariaCompleto</ownerDesignName>
<nullsAllowed>true</nullsAllowed>
<useDomainConstraints>false</useDomainConstraints>
<use>1</use>
<logicalDatatype>LOGDT011</logicalDatatype>
<ownDataTypeParameters>,,</ownDataTypeParameters>
<autoIncrementCycle>false</autoIncrementCycle>
</Column>
</columns>
<indexes itemClass="oracle.dbtools.crest.model.design.relational.Index">
<ind_PK_UK id="620DE60E-A13D-6FDA-2FD7-4D2B507BA6CF" name="TB_PEDIDO_PIZZA_TB_PEDIDO_FK">
<createdBy>silvi</createdBy>
<createdTime>2023-09-30 21:42:05 UTC</createdTime>
<ownerDesignName>SistemaPizzariaCompleto</ownerDesignName>
<indexState>Foreign Key</indexState>
<isSurrogateKey>false</isSurrogateKey>
<indexColumnUsage>
<colUsage columnID="79BE8187-3CB9-34F6-0182-67BAA8A294B4"/>
</indexColumnUsage>
</ind_PK_UK>
<ind_PK_UK id="65F3AFD4-9545-9AB7-8F29-FE0D79ECFF2F" name="TB_PEDIDO_PIZZA_TB_PIZZA_FK">
<createdBy>silvi</createdBy>
<createdTime>2023-09-30 21:42:09 UTC</createdTime>
<ownerDesignName>SistemaPizzariaCompleto</ownerDesignName>
<indexState>Foreign Key</indexState>
<isSurrogateKey>false</isSurrogateKey>
<indexColumnUsage>
<colUsage columnID="9612B7A6-991D-EDDF-BCE6-23D727130247"/>
</indexColumnUsage>
</ind_PK_UK>
</indexes>
</Table>