<?xml version = '1.0' encoding = 'UTF-8'?>
<Table class="oracle.dbtools.crest.model.design.relational.Table" directorySegmentName="seg_0" id="4E8B65D0-BAA5-EA16-46C7-689EBCCDDE2B" name="TB_CLIENTE">
<createdBy>silvi</createdBy>
<createdTime>2023-09-05 13:07:08 UTC</createdTime>
<generatorID>7EC07495-47BC-77B3-75FF-2EB9EB19F2CE</generatorID>
<ownerDesignName>SistemaPizzariaCompleto</ownerDesignName>
<allowColumnReorder>false</allowColumnReorder>
<existDependencyGenerateInDDl>true</existDependencyGenerateInDDl>
<parsed>true</parsed>
<columns itemClass="oracle.dbtools.crest.model.design.relational.Column">
<Column name="id_cliente" id="68F22820-FF01-F5EF-6825-288B7C680F6E">
<createdBy>silvi</createdBy>
<createdTime>2023-09-05 13:07:08 UTC</createdTime>
<ownerDesignName>SistemaPizzariaCompleto</ownerDesignName>
<useDomainConstraints>false</useDomainConstraints>
<use>1</use>
<logicalDatatype>LOGDT011</logicalDatatype>
<ownDataTypeParameters>,,</ownDataTypeParameters>
<autoIncrementCycle>false</autoIncrementCycle>
<isSurrogateColumn>true</isSurrogateColumn>
</Column>
<Column name="nome_cliente" id="6D112574-E481-EEC5-1957-A0735DA21748">
<createdBy>silvi</createdBy>
<createdTime>2023-09-05 13:07:08 UTC</createdTime>
<generatorID>B6B33F75-BC7E-B89A-58E1-650A71560058</generatorID>
<ownerDesignName>SistemaPizzariaCompleto</ownerDesignName>
<nullsAllowed>true</nullsAllowed>
<useDomainConstraints>false</useDomainConstraints>
<use>1</use>
<logicalDatatype>LOGDT024</logicalDatatype>
<dataTypeSize>100</dataTypeSize>
<ownDataTypeParameters>100,,</ownDataTypeParameters>
<autoIncrementCycle>false</autoIncrementCycle>
</Column>
<Column name="cpf_cliente" id="B8E2548F-FDC2-AA93-D979-13213679EA7E">
<createdBy>silvi</createdBy>
<createdTime>2023-09-05 13:07:08 UTC</createdTime>
<generatorID>3201617D-8E30-E761-6A7A-3E5229465E02</generatorID>
<ownerDesignName>SistemaPizzariaCompleto</ownerDesignName>
<nullsAllowed>true</nullsAllowed>
<useDomainConstraints>false</useDomainConstraints>
<use>1</use>
<logicalDatatype>LOGDT011</logicalDatatype>
<ownDataTypeParameters>,,</ownDataTypeParameters>
<autoIncrementCycle>false</autoIncrementCycle>
</Column>
<Column name="endereco_cliente" id="60C23C26-B8B8-789B-0D04-B085A0BDA13F">
<createdBy>silvi</createdBy>
<createdTime>2023-09-05 13:07:08 UTC</createdTime>
<generatorID>5FA71A65-16A0-F486-2B94-65A3B86C6E16</generatorID>
<ownerDesignName>SistemaPizzariaCompleto</ownerDesignName>
<nullsAllowed>true</nullsAllowed>
<useDomainConstraints>false</useDomainConstraints>
<use>1</use>
<logicalDatatype>LOGDT024</logicalDatatype>
<dataTypeSize>200</dataTypeSize>
<ownDataTypeParameters>200,,</ownDataTypeParameters>
<autoIncrementCycle>false</autoIncrementCycle>
</Column>
</columns>
<indexes itemClass="oracle.dbtools.crest.model.design.relational.Index">
<ind_PK_UK id="BE007C08-2591-3B5B-8A76-1B24D7E8FFD4" name="ID_CLIENTE_PK">
<createdBy>silvi</createdBy>
<createdTime>2023-09-05 13:07:08 UTC</createdTime>
<ownerDesignName>SistemaPizzariaCompleto</ownerDesignName>
<pk>true</pk>
<indexState>Primary Constraint</indexState>
<indexColumnUsage>
<colUsage columnID="68F22820-FF01-F5EF-6825-288B7C680F6E"/>
</indexColumnUsage>
</ind_PK_UK>
</indexes>
</Table>