<?xml version = '1.0' encoding = 'UTF-8'?>
<Table class="oracle.dbtools.crest.model.design.relational.Table" directorySegmentName="seg_0" id="6ED5ADA8-A489-5CD3-AE8C-73CCECED3B28" name="TB_PIZZA">
<createdBy>silvi</createdBy>
<createdTime>2023-09-05 13:07:08 UTC</createdTime>
<generatorID>A5AF51A7-6DE2-2F21-73D3-5A8EFB4009D1</generatorID>
<ownerDesignName>SistemaPizzariaCompleto</ownerDesignName>
<allowColumnReorder>false</allowColumnReorder>
<existDependencyGenerateInDDl>true</existDependencyGenerateInDDl>
<parsed>true</parsed>
<columns itemClass="oracle.dbtools.crest.model.design.relational.Column">
<Column name="id_pizza" id="3F4E1311-687A-A240-97D8-8DE25A986D15">
<createdBy>silvi</createdBy>
<createdTime>2023-09-05 13:07:08 UTC</createdTime>
<ownerDesignName>SistemaPizzariaCompleto</ownerDesignName>
<useDomainConstraints>false</useDomainConstraints>
<use>1</use>
<logicalDatatype>LOGDT011</logicalDatatype>
<ownDataTypeParameters>,,</ownDataTypeParameters>
<autoIncrementCycle>false</autoIncrementCycle>
<isSurrogateColumn>true</isSurrogateColumn>
</Column>
<Column name="nome_pizza" id="A3CD86E2-06D2-541C-0423-46D31233BB01">
<createdBy>silvi</createdBy>
<createdTime>2023-09-05 13:07:08 UTC</createdTime>
<generatorID>F720A4ED-5DBF-4D36-C23B-BFE5F83550E1</generatorID>
<ownerDesignName>SistemaPizzariaCompleto</ownerDesignName>
<nullsAllowed>true</nullsAllowed>
<useDomainConstraints>false</useDomainConstraints>
<use>1</use>
<logicalDatatype>LOGDT024</logicalDatatype>
<dataTypeSize>50</dataTypeSize>
<ownDataTypeParameters>50,,</ownDataTypeParameters>
<autoIncrementCycle>false</autoIncrementCycle>
</Column>
<Column name="preco_pizza" id="7C3ADDC8-7218-D182-38BD-A4A39959F32B">
<createdBy>silvi</createdBy>
<createdTime>2023-09-05 13:07:08 UTC</createdTime>
<generatorID>DE535DAA-A135-C2BA-53A6-18FFF19F152F</generatorID>
<ownerDesignName>SistemaPizzariaCompleto</ownerDesignName>
<nullsAllowed>true</nullsAllowed>
<useDomainConstraints>false</useDomainConstraints>
<use>1</use>
<logicalDatatype>LOGDT019</logicalDatatype>
<dataTypePrecision>10</dataTypePrecision>
<dataTypeScale>2</dataTypeScale>
<ownDataTypeParameters>,10,2</ownDataTypeParameters>
<autoIncrementCycle>false</autoIncrementCycle>
</Column>
<Column name="categoria" id="E7A2D726-0A6E-D217-9B6D-6892122D2789">
<createdBy>silvi</createdBy>
<createdTime>2023-10-02 00:29:14 UTC</createdTime>
<ownerDesignName>SistemaPizzariaCompleto</ownerDesignName>
<nullsAllowed>true</nullsAllowed>
<useDomainConstraints>false</useDomainConstraints>
<use>1</use>
<logicalDatatype>LOGDT024</logicalDatatype>
<dataTypeSize>50</dataTypeSize>
<ownDataTypeParameters>50,,</ownDataTypeParameters>
<autoIncrementCycle>false</autoIncrementCycle>
</Column>
</columns>
<indexes itemClass="oracle.dbtools.crest.model.design.relational.Index">
<ind_PK_UK id="2BD6C2CB-AB8D-CAE5-0214-BAAAF43CF65A" name="TB_PIZZA_PK">
<createdBy>silvi</createdBy>
<createdTime>2023-09-05 13:07:08 UTC</createdTime>
<ownerDesignName>SistemaPizzariaCompleto</ownerDesignName>
<pk>true</pk>
<indexState>Primary Constraint</indexState>
<indexColumnUsage>
<colUsage columnID="3F4E1311-687A-A240-97D8-8DE25A986D15"/>
</indexColumnUsage>
</ind_PK_UK>
</indexes>
</Table>