<?xml version = '1.0' encoding = 'UTF-8'?>
<Table class="oracle.dbtools.crest.model.design.relational.Table" directorySegmentName="seg_0" id="6F6431CA-BCF4-1692-6F74-D0996FA5FFD1" name="TB_INGREDIENTE">
<createdBy>silvi</createdBy>
<createdTime>2023-09-30 21:34:29 UTC</createdTime>
<ownerDesignName>SistemaPizzariaCompleto</ownerDesignName>
<ordsAlias>table_6</ordsAlias>
<allowColumnReorder>false</allowColumnReorder>
<existDependencyGenerateInDDl>true</existDependencyGenerateInDDl>
<parsed>true</parsed>
<columns itemClass="oracle.dbtools.crest.model.design.relational.Column">
<Column name="id_ingrediente" id="D2C69DEE-E67B-BC83-B4A3-6E9A48E90FFB">
<createdBy>silvi</createdBy>
<createdTime>2023-09-30 21:34:55 UTC</createdTime>
<ownerDesignName>SistemaPizzariaCompleto</ownerDesignName>
<useDomainConstraints>false</useDomainConstraints>
<use>1</use>
<logicalDatatype>LOGDT011</logicalDatatype>
<ownDataTypeParameters>,,</ownDataTypeParameters>
<autoIncrementCycle>false</autoIncrementCycle>
</Column>
<Column name="nome_ingrediente" id="DD84598A-E21A-BD70-2CF3-AD26A90A8007">
<createdBy>silvi</createdBy>
<createdTime>2023-09-30 21:34:55 UTC</createdTime>
<ownerDesignName>SistemaPizzariaCompleto</ownerDesignName>
<nullsAllowed>true</nullsAllowed>
<useDomainConstraints>false</useDomainConstraints>
<use>1</use>
<logicalDatatype>LOGDT024</logicalDatatype>
<dataTypeSize>100</dataTypeSize>
<ownDataTypeParameters>100,,</ownDataTypeParameters>
<autoIncrementCycle>false</autoIncrementCycle>
</Column>
</columns>
<indexes itemClass="oracle.dbtools.crest.model.design.relational.Index">
<ind_PK_UK id="E171FEC0-D876-587D-1E2B-0CD76DC06263" name="TB_INGREDIENTE_PK">
<createdBy>silvi</createdBy>
<createdTime>2023-09-30 21:35:22 UTC</createdTime>
<ownerDesignName>SistemaPizzariaCompleto</ownerDesignName>
<pk>true</pk>
<indexState>Primary Constraint</indexState>
<isSurrogateKey>false</isSurrogateKey>
<indexColumnUsage>
<colUsage columnID="D2C69DEE-E67B-BC83-B4A3-6E9A48E90FFB"/>
</indexColumnUsage>
</ind_PK_UK>
</indexes>
</Table>