<?xml version = '1.0' encoding = 'UTF-8'?>
<Table class="oracle.dbtools.crest.model.design.relational.Table" directorySegmentName="seg_0" id="85D5A03F-12A4-CEFF-8E8E-97613C8E9151" name="TB_CONTATO">
<createdBy>silvi</createdBy>
<createdTime>2023-09-05 13:07:08 UTC</createdTime>
<generatorID>F21C42D8-3165-9F09-85D0-3E33905184BF</generatorID>
<ownerDesignName>SistemaPizzariaCompleto</ownerDesignName>
<allowColumnReorder>false</allowColumnReorder>
<existDependencyGenerateInDDl>true</existDependencyGenerateInDDl>
<parsed>true</parsed>
<columns itemClass="oracle.dbtools.crest.model.design.relational.Column">
<Column name="cliente_id" id="E0074986-415D-F2ED-2865-3CC54A080262">
<createdBy>silvi</createdBy>
<createdTime>2023-09-05 13:07:08 UTC</createdTime>
<ownerDesignName>SistemaPizzariaCompleto</ownerDesignName>
<useDomainConstraints>false</useDomainConstraints>
<use>1</use>
<logicalDatatype>LOGDT011</logicalDatatype>
<ownDataTypeParameters>,,</ownDataTypeParameters>
<previousColumn>false</previousColumn>
<autoIncrementCycle>false</autoIncrementCycle>
<associations>
<colAssociation fkAssociation="9EFCC3EF-65FE-61C8-7AED-DA472042E541" referredColumn="68F22820-FF01-F5EF-6825-288B7C680F6E"/>
</associations>
</Column>
<Column name="email" id="9A68AC7A-34DE-13B3-49F5-EFE6B39E60E0">
<createdBy>silvi</createdBy>
<createdTime>2023-09-05 13:07:08 UTC</createdTime>
<generatorID>99FDE541-B0CC-AC95-037E-38EB4E23027A</generatorID>
<ownerDesignName>SistemaPizzariaCompleto</ownerDesignName>
<nullsAllowed>true</nullsAllowed>
<useDomainConstraints>false</useDomainConstraints>
<use>1</use>
<logicalDatatype>LOGDT024</logicalDatatype>
<dataTypeSize>100</dataTypeSize>
<ownDataTypeParameters>100,,</ownDataTypeParameters>
<autoIncrementCycle>false</autoIncrementCycle>
</Column>
<Column name="telefone" id="442A061A-47CE-070A-1B16-4740C741113F">
<createdBy>silvi</createdBy>
<createdTime>2023-09-05 13:07:08 UTC</createdTime>
<generatorID>7F670555-36AC-6CBA-EC04-702747756905</generatorID>
<ownerDesignName>SistemaPizzariaCompleto</ownerDesignName>
<nullsAllowed>true</nullsAllowed>
<useDomainConstraints>false</useDomainConstraints>
<use>1</use>
<logicalDatatype>LOGDT011</logicalDatatype>
<ownDataTypeParameters>,,</ownDataTypeParameters>
<autoIncrementCycle>false</autoIncrementCycle>
</Column>
</columns>
<indexes itemClass="oracle.dbtools.crest.model.design.relational.Index">
<ind_PK_UK id="85514D31-5072-7575-2430-AD17C30B4A80" name="TB_CONTATO_ID_CLIENTE_FK">
<createdBy>silvi</createdBy>
<createdTime>2023-09-05 13:07:08 UTC</createdTime>
<generatorID>A735C134-7AF9-1E19-7C67-09D926B1A621</generatorID>
<ownerDesignName>SistemaPizzariaCompleto</ownerDesignName>
<indexState>Foreign Key</indexState>
<isSurrogateKey>false</isSurrogateKey>
<indexColumnUsage>
<colUsage columnID="E0074986-415D-F2ED-2865-3CC54A080262"/>
</indexColumnUsage>
</ind_PK_UK>
</indexes>
</Table>