<?xml version = '1.0' encoding = 'UTF-8'?>
<Table class="oracle.dbtools.crest.model.design.relational.Table" directorySegmentName="seg_0" id="ED9AA7AF-7EB4-8DB4-F48A-81E9CB9CA30D" name="TB_PIZZA_COMPOSICAO">
<createdBy>silvi</createdBy>
<createdTime>2023-09-30 21:35:01 UTC</createdTime>
<ownerDesignName>SistemaPizzariaCompleto</ownerDesignName>
<ordsAlias>table_7</ordsAlias>
<allowColumnReorder>false</allowColumnReorder>
<existDependencyGenerateInDDl>true</existDependencyGenerateInDDl>
<parsed>true</parsed>
<columns itemClass="oracle.dbtools.crest.model.design.relational.Column">
<Column name="id_pizza" id="9F8DAF91-FB62-365F-2C33-D3191BB89FBC">
<createdBy>silvi</createdBy>
<createdTime>2023-09-30 21:35:14 UTC</createdTime>
<ownerDesignName>SistemaPizzariaCompleto</ownerDesignName>
<useDomainConstraints>false</useDomainConstraints>
<use>1</use>
<logicalDatatype>LOGDT011</logicalDatatype>
<ownDataTypeParameters>,,</ownDataTypeParameters>
<previousColumn>false</previousColumn>
<autoIncrementCycle>false</autoIncrementCycle>
<associations>
<colAssociation fkAssociation="678DCA15-4C7D-CBCF-1386-51FC0B64A5D1" referredColumn="3F4E1311-687A-A240-97D8-8DE25A986D15"/>
</associations>
</Column>
<Column name="id_ingrediente" id="A209947C-920A-7C12-DEDA-18AF456559CC">
<createdBy>silvi</createdBy>
<createdTime>2023-09-30 21:35:24 UTC</createdTime>
<ownerDesignName>SistemaPizzariaCompleto</ownerDesignName>
<useDomainConstraints>false</useDomainConstraints>
<use>1</use>
<logicalDatatype>LOGDT011</logicalDatatype>
<ownDataTypeParameters>,,</ownDataTypeParameters>
<previousColumn>false</previousColumn>
<autoIncrementCycle>false</autoIncrementCycle>
<associations>
<colAssociation fkAssociation="9DEF3B45-9807-9B32-221C-A944E859E386" referredColumn="D2C69DEE-E67B-BC83-B4A3-6E9A48E90FFB"/>
</associations>
</Column>
</columns>
<indexes itemClass="oracle.dbtools.crest.model.design.relational.Index">
<ind_PK_UK id="A5067214-75C3-8C38-0B1D-5D36F064EC11" name="TB_PIZZA_COMP_TB_PIZZA_FK">
<createdBy>silvi</createdBy>
<createdTime>2023-09-30 21:35:14 UTC</createdTime>
<ownerDesignName>SistemaPizzariaCompleto</ownerDesignName>
<indexState>Foreign Key</indexState>
<isSurrogateKey>false</isSurrogateKey>
<indexColumnUsage>
<colUsage columnID="9F8DAF91-FB62-365F-2C33-D3191BB89FBC"/>
</indexColumnUsage>
</ind_PK_UK>
<ind_PK_UK id="A9FAEDB0-D0EB-D8BF-F52C-0DB3B4ECD6C6" name="TB_PIZZA_COMP_TB_INGR_FK">
<createdBy>silvi</createdBy>
<createdTime>2023-09-30 21:35:24 UTC</createdTime>
<ownerDesignName>SistemaPizzariaCompleto</ownerDesignName>
<indexState>Foreign Key</indexState>
<isSurrogateKey>false</isSurrogateKey>
<indexColumnUsage>
<colUsage columnID="A209947C-920A-7C12-DEDA-18AF456559CC"/>
</indexColumnUsage>
</ind_PK_UK>
</indexes>
</Table>