<?xml version = '1.0' encoding = 'UTF-8'?>
<Table class="oracle.dbtools.crest.model.design.relational.Table" directorySegmentName="seg_0" id="F4623545-B0F3-1260-B7E9-3A6280250EFB" name="TB_PEDIDO">
<createdBy>silvi</createdBy>
<createdTime>2023-09-05 13:20:24 UTC</createdTime>
<ownerDesignName>SistemaPizzariaCompleto</ownerDesignName>
<ordsAlias>table_6</ordsAlias>
<allowColumnReorder>false</allowColumnReorder>
<existDependencyGenerateInDDl>true</existDependencyGenerateInDDl>
<parsed>true</parsed>
<columns itemClass="oracle.dbtools.crest.model.design.relational.Column">
<Column name="id_pedido" id="DDB1EA38-1D0D-E0E4-9F6B-D28FF6B064EE">
<createdBy>silvi</createdBy>
<createdTime>2023-09-30 21:32:38 UTC</createdTime>
<ownerDesignName>SistemaPizzariaCompleto</ownerDesignName>
<useDomainConstraints>false</useDomainConstraints>
<use>1</use>
<logicalDatatype>LOGDT011</logicalDatatype>
<ownDataTypeParameters>,,</ownDataTypeParameters>
<autoIncrementCycle>false</autoIncrementCycle>
</Column>
<Column name="id_cliente" id="60F0011B-1D58-9B8B-5212-8F4591CFF39B">
<createdBy>silvi</createdBy>
<createdTime>2023-09-05 13:20:39 UTC</createdTime>
<ownerDesignName>SistemaPizzariaCompleto</ownerDesignName>
<useDomainConstraints>false</useDomainConstraints>
<use>1</use>
<logicalDatatype>LOGDT011</logicalDatatype>
<ownDataTypeParameters>,,</ownDataTypeParameters>
<previousColumn>false</previousColumn>
<autoIncrementCycle>false</autoIncrementCycle>
<associations>
<colAssociation fkAssociation="EB9CA756-8A2D-31E2-86F3-4D57B1BAE669" referredColumn="68F22820-FF01-F5EF-6825-288B7C680F6E"/>
</associations>
</Column>
<Column name="data_hora_pedido" id="28C0039C-7870-E41E-D028-D2B625FF6573">
<createdBy>silvi</createdBy>
<createdTime>2023-09-30 21:38:04 UTC</createdTime>
<ownerDesignName>SistemaPizzariaCompleto</ownerDesignName>
<nullsAllowed>true</nullsAllowed>
<useDomainConstraints>false</useDomainConstraints>
<use>1</use>
<logicalDatatype>LOGDT015</logicalDatatype>
<ownDataTypeParameters>,,</ownDataTypeParameters>
<autoIncrementCycle>false</autoIncrementCycle>
</Column>
</columns>
<indexes itemClass="oracle.dbtools.crest.model.design.relational.Index">
<ind_PK_UK id="EBF5C51A-1AC2-ED3B-7F26-CC17DF6CAEA4" name="TB_PEDIDO_PK">
<createdBy>silvi</createdBy>
<createdTime>2023-09-30 21:32:38 UTC</createdTime>
<ownerDesignName>SistemaPizzariaCompleto</ownerDesignName>
<pk>true</pk>
<indexState>Primary Constraint</indexState>
<isSurrogateKey>false</isSurrogateKey>
<indexColumnUsage>
<colUsage columnID="DDB1EA38-1D0D-E0E4-9F6B-D28FF6B064EE"/>
</indexColumnUsage>
</ind_PK_UK>
<ind_PK_UK id="2714EB3E-4669-DC15-4C93-201086841DF2" name="TB_PEDIDO_ID_CLIENTE_FK">
<createdBy>silvi</createdBy>
<createdTime>2023-09-05 13:20:39 UTC</createdTime>
<ownerDesignName>SistemaPizzariaCompleto</ownerDesignName>
<indexState>Foreign Key</indexState>
<isSurrogateKey>false</isSurrogateKey>
<indexColumnUsage>
<colUsage columnID="60F0011B-1D58-9B8B-5212-8F4591CFF39B"/>
</indexColumnUsage>
</ind_PK_UK>
</indexes>
</Table>